semana,kwh
1,16.5242
2,16.733399999999998
3,16.679
4,16.537499999999998
5,16.7393
6,16.6256000000000006
7,16.605900000000002
8,16.6722
9,16.5288
10,16.5432
11,16.7242
12,16.733399999999998
13,16.659
14,16.633899999999998
15,16.7393
16,16.6256000000000006
17,16.705900000000002
18,16.5722
19,16.5288
20,16.6432
